{"train_loss": [0.15543650832729938, 0.12561960238396638, 0.13791404460494466, 0.1330178759871221, 0.129803236010985, 0.12688544272061655, 0.12409702313659642, 0.12349000981580051, 0.12062702941166097, 0.11710318214209037, 0.11586691173545366, 0.11148931148025618, 0.10896725957725824, 0.10915397717022388, 0.10563432321549368, 0.10588879564599442, 0.1032626960468129, 0.10158488281925056, 0.10209526880464798, 0.10115320545679778, 0.10118074631450687, 0.0994392944004908, 0.10153254413784578, 0.09790812151857914, 0.09745922363901598, 0.09756135180758777, 0.10091634273423264, 0.09760310180281227, 0.09527547907605616, 0.0979971529757245, 0.09664506891753684, 0.09469904054266082, 0.09499249537805998, 0.09302432305778378, 0.09320900957600703, 0.09635193477069268, 0.09220900800283129, 0.09413962629973194, 0.092816820353058, 0.09268289285336015, 0.09207473355619346, 0.09405874659762573, 0.09299715429177965, 0.0917584142490889, 0.09255041980371635, 0.08944544825857811, 0.09069944120014113, 0.08893448398892463, 0.09128650939129822, 0.09293445080998552, 0.09025412656245924, 0.09124921810006606, 0.08961693302238961, 0.09102510391691092, 0.0892403474007686, 0.09325624398724695, 0.09094517871559905, 0.08744568878720546, 0.09052054266469897, 0.0886944220184101, 0.08994637172041993, 0.09029202861144656, 0.08655231701905328, 0.08929066560618414, 0.08654473082145438, 0.08897030210541845, 0.0887514398004444, 0.0898247360172502, 0.0877676346248609, 0.08903667515684033, 0.08772199023344968, 0.08882426633830154, 0.08620597034008913, 0.08902160426730225, 0.08927857520863504, 0.08923474241059433, 0.08905246036795948, 0.08964428740117178, 0.08951910556073, 0.08821786970795562], "val_loss": [0.1289097407494612, 0.12165930172954251, 0.1169246412102223, 0.11541747267417618, 0.11534428366646561, 0.10036047394822302, 0.107251589095605, 0.10372893487231304, 0.08984021521158758, 0.08819636612630216, 0.09095176301529125, 0.08212960025164663, 0.08261511138672593, 0.0824626090956885, 0.07692297700507193, 0.08701518214730876, 0.08005049938076066, 0.07854047761633914, 0.08720833343792812, 0.08096070680669572, 0.08091133541319077, 0.08589258702454262, 0.08059765086563037, 0.08100632423337584, 0.07663940236457122, 0.08139067658409867, 0.0863334470099192, 0.08181717466457443, 0.08182865837813674, 0.09558477129196946, 0.08092759462055855, 0.08167145183116417, 0.08489000934087217, 0.07783413375068186, 0.0882037716672403, 0.08462710325202562, 0.0893730536212701, 0.0824274659344432, 0.08122026217477894, 0.0780128070777761, 0.0808596101678431, 0.08228908363506901, 0.08433300023751894, 0.08565888345116458, 0.08421997836197787, 0.09226447686255916, 0.08669664369112297, 0.0850714838751841, 0.086355669621343, 0.0832863621186985, 0.08689235061688538, 0.08572961668340257, 0.08572715631874761, 0.0836655794636025, 0.08433044797194592, 0.08830622724352204, 0.09218551608629266, 0.0898750027229253, 0.0879525742478911, 0.09151916125357339, 0.08932504636418281, 0.08643348431380823, 0.08757188448688291, 0.08850224090179142, 0.08869013259849919, 0.09084627714012002, 0.09000645246423179, 0.09004344390109104, 0.08880159157989909, 0.08965027619227532, 0.08761534973556823, 0.08787749611537078, 0.08825734741633987, 0.08798387227628814, 0.08776772170008042, 0.08749321726192832, 0.08758550728324328, 0.08767839081014692, 0.08768672582078706, 0.08768714763466484], "train_acc": [0.6773580121703854, 0.7678752535496958, 0.737803517684008, 0.7483833178908056, 0.7602939191623826, 0.7671997528409861, 0.7750656138689958, 0.7766925484002483, 0.783485699195649, 0.794606970181088, 0.7959644483746187, 0.8047151734814441, 0.813023146642391, 0.8136695191777986, 0.8199427862317277, 0.8196450557113902, 0.8248341758763814, 0.8312672090699659, 0.829384564809335, 0.8310216127254416, 0.8293307173324647, 0.8362300647441562, 0.8312774811990362, 0.8359855885558873, 0.83823456689262, 0.8360287142090091, 0.8298638560346367, 0.840358477214287, 0.8433417424589819, 0.8371047739687605, 0.8408321782372302, 0.8455561177000313, 0.8430787609629409, 0.8487445047733508, 0.8475888411969732, 0.8390951966054541, 0.8506149316535276, 0.8438136554634837, 0.849263666186323, 0.8507903203156608, 0.8516797899111773, 0.8459020935255905, 0.8461652224615186, 0.8493775885559725, 0.8484019946616755, 0.8551588111668523, 0.8540091816842194, 0.8563484256939762, 0.8500991741735602, 0.8501269573734933, 0.8529617680013785, 0.8521899943661254, 0.8556553829030623, 0.8515704025724113, 0.8562130866379574, 0.8465746026372812, 0.8515694326972381, 0.8588451356844292, 0.8530975403094146, 0.8558051800752025, 0.8543783341048939, 0.8536991108866299, 0.8627030338041681, 0.8560636132411492, 0.8629599893673439, 0.8558050595964428, 0.8581683798929257, 0.8536224929846324, 0.8572600315840684, 0.856680429670922, 0.8582363103272707, 0.8563221928797677, 0.8634542616095553, 0.8562155886426659, 0.8543082565734159, 0.854634904414113, 0.854597532180937, 0.8556905011013604, 0.8550657303531561, 0.8559225670706186], "val_acc": [0.7754459601259182, 0.7880377754459601, 0.7785939139559287, 0.7817418677859391, 0.776495278069255, 0.8142707240293809, 0.7932843651626443, 0.8100734522560336, 0.8394543546694648, 0.8530954879328436, 0.8478488982161595, 0.869884575026233, 0.869884575026233, 0.8688352570828961, 0.8688352570828961, 0.8593913955928646, 0.8761804826862539, 0.8709338929695698, 0.8625393494228751, 0.869884575026233, 0.8751311647429171, 0.8520461699895068, 0.8761804826862539, 0.8740818467995802, 0.881427072402938, 0.8793284365162645, 0.8625393494228751, 0.8719832109129066, 0.8793284365162645, 0.8593913955928646, 0.8772298006295908, 0.8793284365162645, 0.8740818467995802, 0.8782791185729276, 0.869884575026233, 0.8751311647429171, 0.8730325288562435, 0.8688352570828961, 0.8782791185729276, 0.8845750262329486, 0.8772298006295908, 0.8793284365162645, 0.8740818467995802, 0.8667366211962224, 0.8803777544596013, 0.8646379853095488, 0.8856243441762854, 0.8803777544596013, 0.8793284365162645, 0.8856243441762854, 0.881427072402938, 0.881427072402938, 0.8730325288562435, 0.8803777544596013, 0.8782791185729276, 0.8740818467995802, 0.8709338929695698, 0.8793284365162645, 0.8772298006295908, 0.8866736621196223, 0.8793284365162645, 0.8793284365162645, 0.8824763903462749, 0.8803777544596013, 0.8782791185729276, 0.8793284365162645, 0.8793284365162645, 0.8793284365162645, 0.8803777544596013, 0.8803777544596013, 0.8824763903462749, 0.8824763903462749, 0.881427072402938, 0.8824763903462749, 0.881427072402938, 0.8824763903462749, 0.8835257082896117, 0.881427072402938, 0.8824763903462749, 0.8824763903462749]}