{"train_loss": [0.1274518420870759, 0.0847859276905901, 0.1187585616165674, 0.10963325772900134, 0.1062762103515285, 0.10200935349444319, 0.10333048322813977, 0.10042620303513679, 0.09602093451815706, 0.08892662856899398, 0.08609545803751405, 0.08123912108529016, 0.0810524239051646, 0.07804046807302113, 0.07486266338597297, 0.07513092959753091, 0.07795530899679043, 0.07242990921153442, 0.07249518746577546, 0.07085307088518196, 0.07146400640531762, 0.07150933862430975, 0.06654491055661838, 0.07074229081780159, 0.06712195740194722, 0.06861598112568333, 0.06398668043517605, 0.06785058276804384, 0.06477470298169034, 0.06671710219463996, 0.06580852723747835, 0.06737888249029454, 0.06636686963304926, 0.06374351057992929, 0.06809093402683318, 0.06721912726903898, 0.06494280182002847, 0.06221830405258132, 0.06227110626902064, 0.06301980750331974, 0.06352115756721775, 0.06504435148733471, 0.06666183989421513, 0.06333349733981058, 0.0637100197567825, 0.0641593317605408, 0.06496454225271009, 0.06306987376209643, 0.0630471966279928, 0.06198951737391517, 0.06089194353645373, 0.06166798142811259, 0.05979931540251097, 0.06069251166436037, 0.058916718265544135, 0.061572179666989926, 0.06502200079864308, 0.062496227612810845, 0.05783547422355408, 0.06237736794987301, 0.06299497852006952, 0.061774653827581606, 0.059973998203579536, 0.06431516925697092, 0.06080239957832658, 0.06149429960810506, 0.06239165138839254, 0.06190918923560897, 0.059814647911576015, 0.06274367554655519, 0.060680028701378765, 0.062350438270521794, 0.059704022324264146, 0.059397369235643725, 0.06192193517390957, 0.05860721605590937, 0.0595621858581006, 0.06171420368130049, 0.06285386776404553, 0.061492855665978584, 0.06432721639698445, 0.05768848878046571, 0.06379127720107422, 0.060452039597868476, 0.061900152017570736, 0.06225058085309636, 0.059868227655993235, 0.06108090719882105, 0.06414221774091282, 0.06282482255023512, 0.06517749770060427, 0.05881519646515555, 0.060316012878167, 0.06014345710374121, 0.059941340943240856, 0.05974809287995173, 0.061463673412953015, 0.06141189754998777, 0.06132694208492084, 0.059064223051935094], "val_loss": [0.06159978023720132, 0.05244195203058126, 0.05407934748846702, 0.051387805289955346, 0.04589818299677398, 0.04425651356846847, 0.049822636567298254, 0.04472208329701682, 0.03915351774503178, 0.03339015549916222, 0.03705187281761789, 0.03246906001645305, 0.031841825007961976, 0.03297687233139892, 0.03631820543148027, 0.0313542461029459, 0.033626600723404315, 0.03423109801237333, 0.035337690035358665, 0.03331919444812334, 0.03535248957816444, 0.028466364913468756, 0.035746374285178066, 0.03491933337187509, 0.03028289166813723, 0.032940806572187675, 0.03112482755623139, 0.03015878882649143, 0.035076800720356, 0.03760635476250081, 0.03407310793976491, 0.03752097293788345, 0.03623230061376138, 0.037524498810836984, 0.0379986956661789, 0.037338128427736164, 0.03462449636054814, 0.03433805515835001, 0.031346932968077675, 0.03145896038208627, 0.036002902132509416, 0.03237682602465798, 0.041182217884149795, 0.03824770466730483, 0.03509093073300937, 0.03207603699463799, 0.030427170735834307, 0.029498210075960263, 0.03793609443554379, 0.03399126882587529, 0.03486188606019485, 0.03705349489239579, 0.03524632106404012, 0.03738211531071026, 0.036807279240353444, 0.03954632946084983, 0.036305607925253225, 0.0326116363171636, 0.0352382207497793, 0.03506207181013018, 0.03605157540378157, 0.037624593192059214, 0.03633665791057077, 0.03292833801211002, 0.03734192951491593, 0.03428733827620207, 0.03434793505857998, 0.03333002328872681, 0.03137090226588266, 0.03092418207588609, 0.03274340965257225, 0.034803264623084224, 0.03385798417919379, 0.032228694441946835, 0.032097104008877754, 0.031337810660097144, 0.032698371027350855, 0.03341383166907066, 0.03263968191637459, 0.03328923364623789, 0.033526606992263654, 0.03205649619283229, 0.03294444433833718, 0.033877123725543384, 0.03348731392127082, 0.03256868326276648, 0.03255243276645991, 0.03375401216078321, 0.03408301731954843, 0.03312874803259054, 0.03290608310096961, 0.03330974496013421, 0.033306706898479255, 0.03349624735568835, 0.033582343898094946, 0.03337971914546154, 0.0334041602775078, 0.033417679396347016, 0.0334232681387168, 0.03341950616036081], "train_acc": [0.7606393914473685, 0.8728412828947368, 0.8072434165760091, 0.8197866182186102, 0.8287227045940725, 0.8392821630757106, 0.8383918692798991, 0.8435884215133754, 0.8532029827566523, 0.8676710614052258, 0.8718811605909937, 0.8823245891222828, 0.881942067001211, 0.8847571552584046, 0.8922572748637513, 0.8923061712595978, 0.8875788892374227, 0.894052809986629, 0.8954830774547238, 0.8971426639901964, 0.8937974471206728, 0.8935688081148424, 0.9043889986841303, 0.8976980578154325, 0.903210147921192, 0.9010853338006296, 0.9084787757969216, 0.9022618113575798, 0.9077413859532067, 0.902381601890451, 0.9075994810187503, 0.8981546772349822, 0.9018973444441432, 0.9105278390802836, 0.8988048513665011, 0.8994036723712557, 0.9045837743109778, 0.9104851748010045, 0.9101792889598169, 0.9055659838609005, 0.9049909909893024, 0.9044476276949832, 0.8998932035541848, 0.9100668347979847, 0.9051322706631924, 0.9057462708534378, 0.9035045196743388, 0.9078628261034426, 0.9077470309444164, 0.9085767645584909, 0.9105455082302031, 0.9112654162668868, 0.9132370861541284, 0.91297745881112, 0.9145560164592768, 0.9081760134155813, 0.9030343931364385, 0.9093182003615718, 0.9143922284833694, 0.9061605734260458, 0.906070975390704, 0.910129261644263, 0.9100614797912145, 0.904560222927677, 0.912138826360828, 0.9099152264626402, 0.9075254215613792, 0.9051785029863056, 0.9126125492743755, 0.9055699398250956, 0.908429076404948, 0.9076549948046082, 0.9124806924281936, 0.9141933373910817, 0.9079444416259465, 0.9148465614569815, 0.9115439993574431, 0.9066142767275635, 0.9061361806173074, 0.9066809311901268, 0.9031894123671871, 0.9153407125880844, 0.9053720055442107, 0.9102033106120009, 0.907245774116171, 0.9049964271681873, 0.9117209866250816, 0.9106970048068386, 0.9027742817997932, 0.9071071803765861, 0.9015082363039255, 0.9139129886109578, 0.9100458079850987, 0.9129462945029924, 0.9099227962525267, 0.9134068268498308, 0.9083481985879572, 0.9092977208722579, 0.908355723870428, 0.9152200329852732],