{"train_loss": [0.15930800822273444, 0.13477984435380774, 0.14320012057340584, 0.138984012167101, 0.13507298233142442, 0.13430920744772346, 0.12978118914584819, 0.12967275159444291, 0.12622441473188206, 0.12186915016727706, 0.1203579819676551, 0.11531961809778929, 0.11449509576986214, 0.11280612043704931, 0.11124734945479975, 0.10970004643826985, 0.10620029012508676, 0.1062647381354289, 0.10492856371643407, 0.10513578393501977, 0.10435746040202432, 0.10560895483652616, 0.10108181602020731, 0.10068676896335654, 0.10108071563826654, 0.10226951573923143, 0.1009998950166934, 0.10008735652847263, 0.10036105436869182, 0.09885118025349637, 0.09700060078272564, 0.09635672609662237, 0.09597108867812029, 0.09611456393042662, 0.09760015341858569, 0.09519818124705404, 0.09645063246868738, 0.09622334322857903, 0.09581778264591899, 0.09537823093835286, 0.09519628930577514, 0.09377134433538586, 0.09531702625167122, 0.09256998060822372, 0.09347625127750335, 0.09213002476520563, 0.09429810805033668, 0.09573023821221849, 0.09191954005113308, 0.09341675914982532, 0.09216235926810731, 0.0929254580224275, 0.09313088493886434, 0.09536985811062258, 0.09249364286462994, 0.09169864611847892, 0.09227102103947556, 0.09198471264304806, 0.09302550493658482, 0.09050023545847928, 0.09205422066224152, 0.09062149524652693, 0.0904621320544261, 0.0917962403784234, 0.09420641986166832, 0.09141551936675778, 0.09248487154612718, 0.09024837845576138, 0.09031068537261777, 0.09066351941593957], "val_loss": [0.13185351112537108, 0.11998736217664027, 0.1148261898930974, 0.11047313317856018, 0.10962143832727515, 0.10716595444693992, 0.10627615167908025, 0.10399882978808622, 0.09812533715020492, 0.10153588862470078, 0.09221463424875856, 0.08390942637172713, 0.08879942366379542, 0.08566104322211504, 0.08409981569994614, 0.07808015586848607, 0.0819722704136654, 0.08028182737245373, 0.07905080742619924, 0.08117570119586713, 0.07813774051584003, 0.07664908847774463, 0.0822291825077929, 0.07568469799356775, 0.08298662858876092, 0.07808319296607275, 0.08023793477446117, 0.07531837753790414, 0.08272243573509702, 0.07875401053259228, 0.08806297920421763, 0.0812972898908673, 0.0796381465929544, 0.07930136453571329, 0.08479197208993099, 0.08257060025336199, 0.08822382930531929, 0.08426503775723808, 0.08533692433586082, 0.0830877498789747, 0.08421938253296146, 0.08596767611747913, 0.08191805814769806, 0.08490917092739737, 0.08505711857954579, 0.0843034601481641, 0.08793521177572276, 0.08592057670826278, 0.08180090390629184, 0.08249017453525143, 0.0861601881168775, 0.08682032879422794, 0.08314667210888298, 0.08587761491874711, 0.08256708332610793, 0.08610627378972993, 0.08568056365120177, 0.08516136683469944, 0.08551331019426105, 0.08607788103125245, 0.08580886246492639, 0.08456899279423526, 0.08609725100618434, 0.08551820069091082, 0.08490700111268847, 0.08512773727719987, 0.08537316360692163, 0.0854649406874094, 0.08549316954845994, 0.0854896380039494], "train_acc": [0.6620829303675049, 0.7410239361702128, 0.7155789811906317, 0.7274917051974302, 0.7386603535835702, 0.7439076375338741, 0.758204443830586, 0.7571314060249918, 0.7662937887286771, 0.7790777146585675, 0.7859781627152367, 0.7984487790780095, 0.7998878795588731, 0.8043548046274388, 0.8086808288696886, 0.8109341530089683, 0.8201859067095086, 0.8188496345592883, 0.8216351658048205, 0.8205592135396179, 0.8241090783182842, 0.8238250275990949, 0.8308743286294218, 0.8314118993466781, 0.8302378860271645, 0.830177521394346, 0.8331541735498772, 0.8328423115570726, 0.8331708723617938, 0.8359223912601544, 0.8395181167402397, 0.8427696467252949, 0.8415614462221614, 0.8418397151178733, 0.8386390742411697, 0.8436339797318789, 0.841433419595604, 0.8408142516760577, 0.8441097527108294, 0.8449289960718247, 0.843461821976206, 0.8463410953603815, 0.8424592765203066, 0.8478053366653693, 0.8499137441586249, 0.8493453310928677, 0.8456561823647534, 0.8429177812151106, 0.8504891103886544, 0.847120746595486, 0.850114186335809, 0.8476994913827981, 0.8486378865039095, 0.8432170466827931, 0.8500534515662166, 0.8509481089258102, 0.8500503411721907, 0.8493432457949714, 0.8479302749758302, 0.8535606099051248, 0.8507463859405001, 0.855498643170473, 0.8540783934367233, 0.8512818487054836, 0.8456312341316525, 0.8530723246776389, 0.8495529779382555, 0.8547136382392574, 0.854872276635419, 0.8524673119389111], "val_acc": [0.7713697219361483, 0.7899073120494335, 0.791967044284243, 0.8043254376930999, 0.7816683831101957, 0.811534500514933, 0.8074150360453141, 0.8125643666323378, 0.8341915550978373, 0.8259526261585994, 0.8527291452111225, 0.8558187435633368, 0.8496395468589083, 0.8558187435633368, 0.8578784757981462, 0.8774459320288363, 0.8640576725025747, 0.8733264675592173, 0.870236869207003, 0.8712667353244078, 0.8764160659114315, 0.8733264675592173, 0.8650875386199794, 0.8805355303810505, 0.870236869207003, 0.8753861997940268, 0.8805355303810505, 0.8795056642636457, 0.858908341915551, 0.8733264675592173, 0.8650875386199794, 0.8764160659114315, 0.8764160659114315, 0.8692070030895983, 0.8753861997940268, 0.874356333676622, 0.874356333676622, 0.8733264675592173, 0.8537590113285273, 0.878475798146241, 0.8774459320288363, 0.8722966014418125, 0.874356333676622, 0.878475798146241, 0.874356333676622, 0.8681771369721936, 0.8661174047373842, 0.8692070030895983, 0.8805355303810505, 0.8805355303810505, 0.8815653964984552, 0.8753861997940268, 0.8795056642636457, 0.8764160659114315, 0.8836251287332647, 0.8774459320288363, 0.8764160659114315, 0.8774459320288363, 0.8836251287332647, 0.88259526261586, 0.8774459320288363, 0.8815653964984552, 0.8753861997940268, 0.8805355303810505, 0.8815653964984552, 0.8795056642636457, 0.8795056642636457, 0.8795056642636457, 0.8795056642636457, 0.8795056642636457]}