{"train_loss": [0.15341510194040983, 0.12403112525858076, 0.1369143424455781, 0.13113405738421913, 0.12840697971485407, 0.12618064326659084, 0.12420726905341206, 0.12291291078529824, 0.119197372904333, 0.11625656591393649, 0.11469015496259911, 0.10824180701405847, 0.10976811828528052, 0.10696153547211795, 0.10650044460259624, 0.10274978818219446, 0.1024059261233035, 0.10153344348213186, 0.10149219689797873, 0.10024849654316398, 0.10134241406859257, 0.10036938009137045, 0.09706004472976851, 0.09687303259586766, 0.09957802194930256, 0.09713523120374917, 0.09592982020267651, 0.09838882229367125, 0.09634534358235317, 0.09426740669975668, 0.09320374654810998, 0.09330524217078036, 0.09354703526449787, 0.09612500465537228, 0.09218032932415367, 0.09421535700328319, 0.09346394657717207, 0.09379756173621846, 0.09332936325637047, 0.09296178583472771, 0.09202521162060276, 0.09254211456245924, 0.09016395053674703, 0.09155051259679663, 0.08872715104108471, 0.09165446091397741, 0.09192991480388987, 0.09053613012963214, 0.09053974676971882, 0.09043310426774864, 0.08823484003277511, 0.0938551325442117, 0.09093326015655488, 0.08825730270445907, 0.09129748828639035, 0.08950384351865565, 0.0892106406031455, 0.09046810957220289, 0.08954883544764508, 0.08835321581315315, 0.08809171644629085, 0.08809297087208937, 0.09041871953937851, 0.08852245269811108, 0.08876929758686085, 0.08858199880273551, 0.0882425857576439, 0.08765691214680027, 0.09078102186847888, 0.09026453545911067], "val_loss": [0.127202436812652, 0.11887231149397016, 0.12944956031576157, 0.1141282209632029, 0.1058128220571551, 0.10124283223750083, 0.10493013402691417, 0.09318488697909358, 0.09281514578763736, 0.09017170155723848, 0.08675035951582857, 0.07863074682598224, 0.08167657736153318, 0.07523327386485568, 0.0815397170914683, 0.08449162984538554, 0.07662931389535962, 0.08099868636410233, 0.07522400625730237, 0.08100650360239015, 0.07704374188672583, 0.08057902464086086, 0.0816672287513927, 0.07478267698698254, 0.07588590232798086, 0.0796129140623719, 0.07842412327512989, 0.07481671442890467, 0.07797303787996486, 0.07597736571793291, 0.07692303642208403, 0.07773126841592139, 0.08343584025581637, 0.08311890808382665, 0.07594378772587491, 0.07744726549603381, 0.07657916300538205, 0.07636552844255193, 0.07665992703323975, 0.07695454218330063, 0.0800585605102471, 0.07866321164031845, 0.07887009738437277, 0.08672912776907994, 0.08032730102914327, 0.08045568099051933, 0.08034934882164502, 0.08214817513542685, 0.08327751716155195, 0.0831334965082681, 0.08011411479112358, 0.08230742640160063, 0.08192495646781961, 0.0848498222929233, 0.08239883049962904, 0.08219451916180277, 0.08328732177380625, 0.08214427576110095, 0.08510315687183569, 0.08194101258627641, 0.08249461750919146, 0.08336288842361847, 0.08259528876914558, 0.0831085178152837, 0.08316322773351, 0.08254087304330948, 0.08281950247625489, 0.08287172113297994, 0.08285572940380101, 0.08285269031744814], "train_acc": [0.6811794449670743, 0.7741944967074318, 0.738274524936335, 0.7547447222196484, 0.7629534444602615, 0.7693040989977172, 0.7729369142317929, 0.777289059682489, 0.7886322795055098, 0.795509761274702, 0.8010414105928516, 0.8143573673625992, 0.8119903645869817, 0.8163196647492424, 0.8187991816371764, 0.8282094551837343, 0.8293970688714918, 0.831511774437672, 0.8306184894390412, 0.832272964833709, 0.8310100741242868, 0.8325974557720482, 0.839413292825166, 0.8398384104779837, 0.833750159585689, 0.8421703439104254, 0.842346670318076, 0.8377222719892284, 0.84142222442609, 0.8446906696258574, 0.8479036366390038, 0.848261873170327, 0.84622627300467, 0.8439010431602779, 0.8471295262773645, 0.8454137541500892, 0.8473711573393526, 0.8470468216085928, 0.8479571972718691, 0.8469580642367351, 0.8490701342458895, 0.8503372670902134, 0.8535586491801889, 0.8507198931917422, 0.8569512493971486, 0.8529585795030208, 0.8507414981092021, 0.8519302269028586, 0.8542475695331929, 0.8513885795901882, 0.8582427149545664, 0.8459972734173177, 0.8527249010351617, 0.858700653739617, 0.8522560627866442, 0.8549521053499023, 0.8555151745606904, 0.8538662049418222, 0.8561042599933728, 0.8587070047462873, 0.8562516954745869, 0.8576182023265512, 0.8536022008867165, 0.859062189441297, 0.8569075779206105, 0.8568483347166067, 0.857595889835232, 0.8582712967555027, 0.8525726030373058, 0.8524376827932593], "val_acc": [0.7838405036726128, 0.7869884575026233, 0.7492130115424974, 0.7806925498426023, 0.7911857292759706, 0.8310598111227702, 0.8058761804826863, 0.8352570828961176, 0.838405036726128, 0.8467995802728226, 0.8467995802728226, 0.8677859391395593, 0.8583420776495279, 0.8761804826862539, 0.8709338929695698, 0.8656873032528857, 0.8803777544596013, 0.8656873032528857, 0.8835257082896117, 0.8761804826862539, 0.8845750262329486, 0.8761804826862539, 0.881427072402938, 0.8866736621196223, 0.8919202518363064, 0.887722980062959, 0.8824763903462749, 0.887722980062959, 0.8866736621196223, 0.887722980062959, 0.8835257082896117, 0.8856243441762854, 0.8898216159496327, 0.881427072402938, 0.8856243441762854, 0.8866736621196223, 0.8866736621196223, 0.8866736621196223, 0.8856243441762854, 0.8845750262329486, 0.881427072402938, 0.8845750262329486, 0.8856243441762854, 0.8761804826862539, 0.8803777544596013, 0.8751311647429171, 0.881427072402938, 0.8835257082896117, 0.8835257082896117, 0.8761804826862539, 0.8772298006295908, 0.8793284365162645, 0.8803777544596013, 0.8793284365162645, 0.8793284365162645, 0.8772298006295908, 0.8782791185729276, 0.8803777544596013, 0.8761804826862539, 0.8772298006295908, 0.8761804826862539, 0.8761804826862539, 0.8803777544596013, 0.8751311647429171, 0.8751311647429171, 0.8761804826862539, 0.8761804826862539, 0.8761804826862539, 0.8761804826862539, 0.8761804826862539]}