{"train_loss": [0.1780521683621715, 0.16060135055395747, 0.16483633297309846, 0.16096293325769848, 0.1595829406149311, 0.15562306097290468, 0.15478616593975456, 0.15332704184284857, 0.15015993785549697, 0.1408662358908439, 0.13550158448891553, 0.13043111761751242, 0.12620109054040238, 0.12442042101940064, 0.12203277318909923, 0.11932966878277616, 0.11777435757129069, 0.11703715054389185, 0.11503987648216739, 0.1156773690695632, 0.11411967556328262, 0.11312286688873893, 0.11269682009323093, 0.11193733481772505, 0.1096059657389488, 0.10853760685953148, 0.11000817200619745, 0.10882870157361257, 0.10860458445767879, 0.10868731186026354, 0.10687354781000083, 0.10586837929059699, 0.10695769395282324, 0.10552487108584273, 0.10384716315668423, 0.10330751156108384, 0.10349563825053348, 0.10345879335188884, 0.10264623414617333, 0.10225145758343705, 0.10342833552725011, 0.10056013863851264, 0.10303016110285096, 0.10110509907755905, 0.10195841057200546, 0.10026592612861907, 0.10078062794895636, 0.10030046035925456, 0.09965145009565571, 0.09968763554845816, 0.10033215874950635, 0.10004441941346934, 0.0997374508546912, 0.09740127129777926, 0.09835713672419072, 0.09896376553945573, 0.0998109578164904, 0.09856498856352616, 0.09876820786970936, 0.09788290034026996, 0.09776037516954102, 0.09725001714188078, 0.09636432971221308, 0.09888738650357977, 0.09899409171307241, 0.09749969837923436, 0.09633066155912307, 0.09899753495438458, 0.09647458705759099, 0.09556231746744914, 0.09712287969532872, 0.09678592896046431, 0.09756651910552061, 0.09797137090652795, 0.09467661955721302, 0.09622657309956792, 0.09683672684319941, 0.09551046832636158, 0.09617451034752791, 0.0971995401281234, 0.09419099652439447, 0.09577286226570017, 0.0965563370201232, 0.09688891625227448, 0.09687537226054811, 0.0964536475637131, 0.09727465550456327, 0.09527515593768754, 0.09588353001743646, 0.09437642745458191, 0.09653379238824412, 0.096753231058382, 0.09671614975973261, 0.09617991470965688, 0.09686616538418527, 0.0963793706525928, 0.09316454690496921, 0.09527101044655073, 0.09543533634700596, 0.09566724213205924], "val_loss": [0.18450502057609627, 0.19941275453454926, 0.17415656047752998, 0.15631469192935188, 0.17225969697721108, 0.1608481991719474, 0.16150494472583968, 0.159848889767936, 0.15443830605662756, 0.1486013393149421, 0.14628109593894273, 0.1365446308539772, 0.1325571078959567, 0.14192167654289528, 0.12731836765128943, 0.12175266460319131, 0.12302949715792695, 0.12520519169467695, 0.12417230343862445, 0.1240171332690173, 0.11598425065357813, 0.11835158302019676, 0.11987757445132245, 0.12119312707925017, 0.12367369109864375, 0.11255094132230764, 0.11738048167068585, 0.11401250658230416, 0.1162713293654596, 0.11877146281169068, 0.11075451355603409, 0.1138241244685237, 0.10470204446210692, 0.10509569845225854, 0.10293845806548378, 0.11270772633685144, 0.1193867539566749, 0.11344775709578649, 0.10428436353787045, 0.10686961700602318, 0.09885020166291521, 0.10428138300854661, 0.10580444557969493, 0.11207390275216053, 0.10474234990627043, 0.10615576355711236, 0.10624112954982806, 0.10641576301263488, 0.10563779812294438, 0.10303034793667629, 0.10329864484503287, 0.10341440792442744, 0.10793713896935034, 0.11049773291550803, 0.10350929993397291, 0.10418909486355836, 0.10873149814629479, 0.10356499909072457, 0.10287651719851859, 0.10379249633046538, 0.10164822754523437, 0.10496419101390608, 0.11395224399575407, 0.09807213767190295, 0.10643207506205328, 0.10210920404349644, 0.10737003022482362, 0.10530511052166928, 0.10932710588541261, 0.10432829619517231, 0.11658611239284934, 0.10854673599834082, 0.10593601934619615, 0.10058066018261914, 0.10292102188528647, 0.10213852611224775, 0.10229061769882504, 0.10029457267158805, 0.10212700550541172, 0.09884353714593436, 0.09952801122776735, 0.10260245611291118, 0.10934372538659655, 0.1006467452454542, 0.10323532228235933, 0.10081987993758473, 0.10228875153556326, 0.10071073026090453, 0.09967715217334151, 0.10082952589078065, 0.10140291568583731, 0.10409583107559528, 0.10379230399134276, 0.10352317479137109, 0.10055347653213353, 0.10108121089707642, 0.10261999860265197, 0.10169189543720307, 0.10618826103516917, 0.1042693688105186], "train_acc": [0.5913559107052258, 0.6556316590563166, 0.6370286384794931, 0.649632372056573, 0.6541015100261393, 0.669060319843539, 0.6714707283366458, 0.6776838380633605, 0.6926937044301896, 0.7257338903810335, 0.744913233530092, 0.7606036898631362, 0.7701441247048323, 0.7743290468921884, 0.7825747046719826, 0.7868187371575246, 0.7893347611347471, 0.790979121645836, 0.7958506256538499, 0.7928516332840689, 0.797890846678474, 0.8017066530259596, 0.8029093191382971, 0.8040459527091167, 0.8097313208546147, 0.81271290676295, 0.807604612613438, 0.8091562128442003, 0.8113883057564785, 0.8109045390064253, 0.8148462394359207, 0.8171103672894169, 0.8128886288461922, 0.8174802484335723, 0.8230896937792704, 0.8236815277723296, 0.8216806246144466, 0.8205401201589285, 0.8247509758101086, 0.8252480376921953, 0.8239827977407408, 0.8295724418549172, 0.8229257553316868, 0.8270227153370188, 0.8260678886943877, 0.8292145549736913, 0.828356029296635, 0.8302056985963485, 0.8316799085010798, 0.8297083530554247, 0.8296862025360116, 0.8300019061123883, 0.8296644390990201, 0.8345460031372469, 0.8340033812609982, 0.8338875378345487, 0.8302599550019297, 0.8325538869317808, 0.8325238695064817, 0.8359285000615286, 0.8333808092342785, 0.8358096097218453, 0.8387230234603359, 0.8339354749381512, 0.8322743747453288, 0.8357188741849921, 0.8377283663691633, 0.8328309396932961, 0.8371600880954303, 0.8399090720940701, 0.8368150273716916, 0.8352738433474517, 0.8336849180288813, 0.8340088725694843, 0.8431431780848511, 0.8372098889706523, 0.8369206761660641, 0.8402370527152299, 0.8391532675376826, 0.8362705956129541, 0.8432314971387235, 0.8386360931251329, 0.8371001482312296, 0.8363345572635161, 0.8365412669880992, 0.8390749355126975, 0.8354038274088588, 0.8416747491956059, 0.8393731723879267, 0.8431439393973483, 0.8372535348724799, 0.8371496654476145, 0.8360286183250791, 0.8400884610574781, 0.837677274725269, 0.837455540184803, 0.8458877688794496, 0.8413541735216544, 0.8401345716461441, 0.8391279812272825],