{"train_loss": [0.1816981585726077, 0.16604928220845272, 0.16825431646949493, 0.16345781432829679, 0.16160430580226187, 0.15898439349776947, 0.15800738535248315, 0.15600834067245872, 0.15300429975194924, 0.14655732143405387, 0.14076976455661572, 0.13531258050757847, 0.13297776169317987, 0.12944597496241547, 0.12738994201875045, 0.12626866019278202, 0.12496667047381314, 0.12127368766625232, 0.12229871454125565, 0.12069001970123311, 0.1192996243639418, 0.11854746421401663, 0.11764704642333469, 0.1155984908131496, 0.11455944556802382, 0.11576117609231497, 0.1146559789655149, 0.11497872177624996, 0.11391217522836779, 0.11298982029123818, 0.11262595884674952, 0.11132308091232972, 0.11083390818927734, 0.10917368850904599, 0.10935859956220333, 0.11087148207279006, 0.10856587702411136, 0.10788889808907391, 0.10739199776899919, 0.10758256505909869, 0.10736858570902286, 0.10723981541596321, 0.10622280500883288, 0.10627122107401209, 0.10490957753940963, 0.10547193092752265, 0.10427535073061207, 0.10574199671550223, 0.10460848181477392, 0.10502158690660283, 0.10581076089752343, 0.10157751771303757, 0.104398574797688, 0.10407742885372592, 0.10392592907092481, 0.10454555540866015, 0.1040959761455028, 0.10285615125003289, 0.10342140881823178, 0.10250483577900683, 0.10433750605164704, 0.10438710015134667, 0.10364938913256536, 0.10255683820656837, 0.10405925729045717, 0.10254752184622563, 0.10180041870624043, 0.10374096880770993, 0.10498438383816203, 0.1019059310022455, 0.10327974827865515, 0.1016136479559956, 0.10426956532368942, 0.10216833278536797, 0.10288770826390156, 0.10260585637381962, 0.10235629330898793, 0.10339119128412493, 0.10194680354786369, 0.10368827256375412], "val_loss": [0.18585992471749457, 0.1996350265755467, 0.1686675235414235, 0.1651785325193749, 0.1671273816917878, 0.14931040247240468, 0.15711561155368323, 0.16926344127291632, 0.1558815834834696, 0.14109574995712443, 0.14245901787778253, 0.12673114966044832, 0.13175473587796568, 0.13048514172849154, 0.13223986273936458, 0.13936515585217246, 0.1177766434119364, 0.12309304155969472, 0.11656800731939833, 0.11946627896674261, 0.11558651485999262, 0.10950482749484718, 0.11121334588245309, 0.11544856297890017, 0.12030755777591043, 0.1259459071667015, 0.11610440858452745, 0.10842993824016667, 0.11060962661809214, 0.11180111797321224, 0.10927634772937649, 0.10805108699751932, 0.10761835598736909, 0.10919572660808828, 0.10604112505544472, 0.10271297339983015, 0.1108407598491432, 0.10592168628647693, 0.11178948774734314, 0.1024866171265606, 0.10688458456745109, 0.10575805830430665, 0.10936705796115184, 0.1038409834526226, 0.10093232880353191, 0.10555920190533698, 0.10164255335788894, 0.10459001478187578, 0.10708027934592244, 0.10639424759407368, 0.10809754099539576, 0.10535704816790369, 0.10639425805250967, 0.10426012504880386, 0.10229107782045181, 0.10278271942808993, 0.10773909553870113, 0.10460504617860462, 0.10499883951843705, 0.10322392721162643, 0.10454101259719453, 0.10577323387475755, 0.10252397254984116, 0.10232872262704508, 0.09952449750243451, 0.10451754503312735, 0.10074116105461219, 0.1012783299222297, 0.10139307781793062, 0.1024317800476917, 0.09921616581330953, 0.10206998676736863, 0.09855716300305328, 0.10123904617973263, 0.09904081234756386, 0.10389908910350132, 0.10247975528761975, 0.09913041738814354, 0.1023483388854841, 0.10406062238678014], "train_acc": [0.5712082728592163, 0.6337989840348331, 0.6241028920053917, 0.6358540983493051, 0.6400948346209053, 0.6516018768526474, 0.6569881697293924, 0.6664009246782341, 0.6816326754071255, 0.7048008475663528, 0.7248590527436672, 0.7437328454025944, 0.7500737603297831, 0.7600339366493447, 0.7634588315628783, 0.7710356997244013, 0.771423186780637, 0.778287784973665, 0.7782586627555574, 0.7808062152754124, 0.7858222062944155, 0.7875965769358978, 0.7892679418984622, 0.7935096998403888, 0.796340694131053, 0.7925968164687117, 0.7951586155656114, 0.7942558518341906, 0.7969283383135987, 0.8016706335123576, 0.8010567144662445, 0.8044810830306822, 0.8066005782626594, 0.8087465705419429, 0.8070044997641587, 0.803396310417561, 0.809346741648417, 0.8132872184694361, 0.8119450171730861, 0.8115391147615371, 0.8128601552843759, 0.8120727646621921, 0.8176231321990922, 0.8158566605139309, 0.8205191034537095, 0.8183031085036951, 0.8216334575607861, 0.8180855191959294, 0.8200655953862209, 0.8171766708597332, 0.8148320038421292, 0.828666794801831, 0.8213499039339454, 0.819382649836012, 0.8223050876867961, 0.8187649279731913, 0.8184743893855888, 0.8235112299766872, 0.8216315468671418, 0.8262378613500129, 0.8198012117896613, 0.8179622024629332, 0.8212603349932508, 0.8259594193909787, 0.8192805432154466, 0.82469290267112, 0.8263200812427445, 0.8227191373352619, 0.8188180707766344, 0.8265946266670762, 0.8233227892722493, 0.8254030202400529, 0.8197362639503775, 0.8255705929459958, 0.8241349716202672, 0.8234401801443354, 0.8259545542447534, 0.8230983995560811, 0.8267703165913413, 0.8210871771850272], "val_acc": [0.5520082389289392, 0.5458290422245108, 0.6210092687950567, 0.6230690010298661, 0.6343975283213182, 0.6817713697219362, 0.6673532440782698, 0.627188465499485, 0.6580844490216272, 0.694129763130793, 0.690010298661174, 0.7404737384140062, 0.7270854788877446, 0.7404737384140062, 0.7404737384140062, 0.7239958805355304, 0.7703398558187435, 0.7559217301750772, 0.7693099897013388, 0.7703398558187435, 0.7796086508753862, 0.787847579814624, 0.776519052523172, 0.7703398558187435, 0.7672502574665293, 0.776519052523172, 0.7796086508753862, 0.7857878475798146, 0.7826982492276005, 0.7847579814624099, 0.7888774459320288, 0.796086508753862, 0.7868177136972193, 0.7837281153450052, 0.7940267765190525, 0.800205973223481, 0.7868177136972193, 0.7929969104016478, 0.7857878475798146, 0.8043254376930999, 0.7940267765190525, 0.8032955715756952, 0.796086508753862, 0.8105046343975283, 0.8146240988671473, 0.8032955715756952, 0.8135942327497425, 0.8012358393408857, 0.8053553038105047, 0.811534500514933, 0.8105046343975283, 0.8135942327497425, 0.8084449021627188, 0.815653964984552, 0.8177136972193615, 0.8125643666323378, 0.8043254376930999, 0.8135942327497425, 0.8094747682801235, 0.8105046343975283, 0.8105046343975283, 0.8105046343975283, 0.8177136972193615, 0.8146240988671473, 0.8249227600411947, 0.8177136972193615, 0.815653964984552, 0.8166838311019567, 0.8177136972193615, 0.815653964984552, 0.8166838311019567, 0.811534500514933, 0.8228630278063852, 0.8094747682801235, 0.819773429454171, 0.8105046343975283, 0.8094747682801235, 0.8177136972193615, 0.8146240988671473, 0.8063851699279093]}