{"train_loss": [0.17337772503432164, 0.15575579659979166, 0.16076298940753397, 0.15908372599752396, 0.15573049340349832, 0.1536709669036909, 0.1513590614176099, 0.15010168578880295, 0.1447936490503874, 0.13499291763182503, 0.12790753844762892, 0.12313828355670815, 0.1190053799908151, 0.11732046355786294, 0.11557688513358239, 0.11500012909281573, 0.11219759320390998, 0.11013946502386725, 0.10993769771073997, 0.11019694070727137, 0.10781354797749199, 0.10710730592290672, 0.10530322413413414, 0.10449536261772698, 0.10389200203141725, 0.10488389002366783, 0.10190559491023883, 0.1039208449693909, 0.10339276125189574, 0.10219198171501226, 0.10060987824755385, 0.09915772643287066, 0.0993849159282736, 0.09828902536553918, 0.09887750296523776, 0.09847517955223327, 0.09889715126937594, 0.09698461491893058, 0.09661944013165129, 0.09838203904553933, 0.09642688140118093, 0.09733414996352326, 0.09508164228059678, 0.09561909625256809, 0.0952824505574066, 0.09485012092936275, 0.0959184696656167, 0.09496195639689861, 0.09581042356508007, 0.09304522948434159, 0.09197232497748307, 0.09502425293302838, 0.09524514428070616, 0.09343416419219126, 0.0942324475255205, 0.09296458304435413, 0.09343291492475925, 0.09199927397379691, 0.09329449288660006, 0.0951234735561632, 0.0936537473370572, 0.09331016840573468, 0.09435159575827262, 0.09259514674828066, 0.09170916667457654, 0.0925350754865943, 0.09244888209329316, 0.09490331867184328, 0.09207338220551504, 0.09018520357504971, 0.09346364496396631, 0.0919158891117928, 0.09279006408338339, 0.09303800553038759, 0.09160804369438266, 0.09276621125648994, 0.09328892028644913, 0.09274812777262649, 0.09359054116082965, 0.09095690005468086], "val_loss": [0.18976007942168935, 0.2009070407665664, 0.16937005655900628, 0.16112212119829242, 0.1704411757689708, 0.15303289939542883, 0.14249601133034837, 0.14257511063425138, 0.14301123099493454, 0.13289237677550642, 0.131461140874613, 0.12041680665700408, 0.12953502399473601, 0.1227095962774716, 0.11553613234072892, 0.11406365216779059, 0.10664584803524949, 0.10862583660785449, 0.1081205337754952, 0.1056239661787014, 0.10189421738401165, 0.1002119342324491, 0.09968863479237992, 0.09721476222698236, 0.09318484203325114, 0.09732330068242262, 0.09386192474823057, 0.08898697189541079, 0.09326939576413924, 0.09385452481281845, 0.0964541368788462, 0.09846722726306535, 0.09634249017877819, 0.10590949289086359, 0.10487784932739837, 0.10354156908261564, 0.10584620498159875, 0.10185051664068967, 0.10031471521850648, 0.10301562162567661, 0.092886343942359, 0.10099939955056401, 0.10197156080575455, 0.09581565699791232, 0.09478827637052487, 0.10355410598226258, 0.09115354553381018, 0.09527290050342976, 0.09136897800070042, 0.09413398883587916, 0.09063521826567454, 0.09535842542101679, 0.09240717932597538, 0.09804271941013626, 0.10201092253967822, 0.09899942476814466, 0.09251961167530398, 0.09816784250617402, 0.09804966443014045, 0.09710259210994586, 0.09594489864668841, 0.0988969945066373, 0.09705483477175673, 0.09671507453680789, 0.09771406835830475, 0.0949657707468285, 0.09511431186202941, 0.09425496272469118, 0.09843248810623025, 0.10219479549250098, 0.10141301126945432, 0.10022842565869985, 0.09604108694780536, 0.09541478012722662, 0.09228767120012582, 0.10200502397052764, 0.09760339601123695, 0.09714885884729788, 0.09278825520374592, 0.0971754031629152], "train_acc": [0.6080747531734838, 0.6783321579689704, 0.6542811908798146, 0.655538165799093, 0.6696339068022702, 0.6781174380789354, 0.6859118914906834, 0.6914320279580077, 0.7103153778232203, 0.7462168732998682, 0.7657913094010776, 0.7789542909289505, 0.7896278241065169, 0.7914548871883721, 0.7965406712983548, 0.7976303686263924, 0.8040181220726726, 0.8065613416029245, 0.8086705042770002, 0.8097084327992778, 0.8123108815519138, 0.8144694681059995, 0.8190984502609874, 0.8210048775018298, 0.8213424440219361, 0.8210502624175444, 0.8272952044800407, 0.8216011559509255, 0.8243583333172818, 0.824815965337713, 0.8291853817068583, 0.8328247498221727, 0.8323996935475865, 0.8356788188681448, 0.8324122898837575, 0.8343097929613771, 0.8348978719466944, 0.838073873525502, 0.8368093913633834, 0.8352895898050022, 0.8374528694892636, 0.8353014758174611, 0.8420702422175208, 0.8408293557323981, 0.8428223596305201, 0.841318877330676, 0.8384068717012733, 0.8433501073380395, 0.8400475102015712, 0.8445669421860462, 0.8489788406378348, 0.8411162087039652, 0.8408358629791177, 0.8461552748783239, 0.8414115213596827, 0.8464734650128988, 0.8452300966262369, 0.8466762818805926, 0.8434892316687315, 0.8424265346562969, 0.843577275435354, 0.845113869922846, 0.8437591107114694, 0.8469952105018641, 0.8476204928177088, 0.8476010061061376, 0.8455301854999401, 0.8418769637183174, 0.8473863879391214, 0.8509222410573721, 0.8443970836324203, 0.8480788398416714, 0.8466096633075827, 0.8446162854722816, 0.8485098475013252, 0.8457822903367237, 0.8453934747510299, 0.8470155252051791, 0.8445868934887812, 0.8499424789901289], "val_acc": [0.5645330535152151, 0.5634837355718783, 0.6107030430220357, 0.6442812172088143, 0.6222455403987408, 0.6516264428121721, 0.6935991605456453, 0.6904512067156349, 0.6799580272822665, 0.7114375655823715, 0.7135362014690452, 0.7544596012591815, 0.7418677859391396, 0.7597061909758657, 0.7743966421825813, 0.7806925498426023, 0.8037775445960126, 0.7985309548793285, 0.7985309548793285, 0.8048268625393494, 0.8048268625393494, 0.8195173137460651, 0.8205666316894019, 0.832109129066107, 0.838405036726128, 0.8268625393494229, 0.8426023084994754, 0.8415529905561385, 0.8436516264428122, 0.8426023084994754, 0.8268625393494229, 0.825813221406086, 0.8394543546694648, 0.8184679958027282, 0.8226652675760755, 0.8216159496327388, 0.8142707240293809, 0.8352570828961176, 0.8195173137460651, 0.8174186778593914, 0.844700944386149, 0.8310598111227702, 0.8216159496327388, 0.8405036726128017, 0.838405036726128, 0.8247639034627492, 0.8541448058761805, 0.844700944386149, 0.85099685204617, 0.8520461699895068, 0.8530954879328436, 0.8426023084994754, 0.8541448058761805, 0.8520461699895068, 0.8426023084994754, 0.85099685204617, 0.8530954879328436, 0.838405036726128, 0.8520461699895068, 0.8520461699895068, 0.8457502623294858, 0.8426023084994754, 0.8467995802728226, 0.8520461699895068, 0.8467995802728226, 0.8478488982161595, 0.8520461699895068, 0.8457502623294858, 0.8478488982161595, 0.8457502623294858, 0.8478488982161595, 0.8415529905561385, 0.8520461699895068, 0.8467995802728226, 0.85099685204617, 0.8488982161594963, 0.8467995802728226, 0.8520461699895068, 0.8520461699895068, 0.8467995802728226]}