{"train_loss": [0.16775235599488064, 0.14276666407398256, 0.14818671072409395, 0.1447096262495721, 0.14207462477107932, 0.13933076976573086, 0.13957451960380945, 0.1364855268797192, 0.1292527266090546, 0.11732351777669683, 0.11277476586174656, 0.10891586972210596, 0.10672220062816025, 0.10289504518094536, 0.10257966476499672, 0.1015591243596654, 0.1011981737780097, 0.09972208519884396, 0.09852845034571973, 0.0976750509908403, 0.09832630503945382, 0.09555151422481127, 0.09532237373848121, 0.09575576005047089, 0.0938940226671653, 0.09327103758352713, 0.09435077690727771, 0.0928024759294984, 0.09299503749341362, 0.09285382478025882, 0.09184055850817006, 0.09072562777812918, 0.09030352586375683, 0.09130943346487945, 0.09087942826846555, 0.08988685753973288, 0.09011425428117996, 0.09191200043864356, 0.09033276172867966, 0.08902993234642746, 0.08807285392481147, 0.08953241999735957, 0.0887581362109773, 0.0880783771843716, 0.08901787034265662, 0.08903797284616341, 0.08941865691424686, 0.08668712056929435, 0.08750170406345363, 0.08735838414933901, 0.0861594469720268, 0.08632521760753459, 0.08619519635535992, 0.08432181424119678, 0.08665925819891727, 0.08777110775453542, 0.08720575140001, 0.08620887087470933, 0.08744645796225745, 0.08654990909788389, 0.08647337898787798, 0.08761011729870258, 0.08649003238288212, 0.08679752659847849, 0.08765000105825575, 0.08373122637002775, 0.08521891182254507, 0.08693719283384208, 0.08639169827775528, 0.08525049594575412, 0.0854527788191376, 0.08481583173090487, 0.08521301017243478, 0.08563370950296068, 0.08421012041438229, 0.08443011262183343, 0.08661925546963851, 0.08614345520162102, 0.08557029637186313, 0.08663103128166776], "val_loss": [0.16309177205513806, 0.1384706038899587, 0.12403268894768962, 0.12085200739870042, 0.11608442625056284, 0.11742738566331073, 0.11219768599848431, 0.11595999181333144, 0.09756647088689044, 0.08748133725253132, 0.0890179084142883, 0.08317297854991425, 0.08484405784985952, 0.0777807889695808, 0.0801898006033172, 0.08220134562141372, 0.08702523938349888, 0.07663750833785797, 0.07696322475218947, 0.07577884104200576, 0.08471969997457543, 0.07771061760337256, 0.07706768213451722, 0.07377119809154574, 0.07436026391599636, 0.07640081686666479, 0.07980204580775839, 0.07171740002953618, 0.07306703065931484, 0.0795240253561879, 0.07683146060889065, 0.07380888982043686, 0.07627790526009057, 0.07384912099724426, 0.07886698177907174, 0.07928144575682042, 0.07482394613599226, 0.07664566754450453, 0.0728343577951912, 0.07908455901246632, 0.07727883269488499, 0.07513840957412815, 0.07655943896140657, 0.07915588385833022, 0.08157211199699894, 0.08142763970015182, 0.07752240749402411, 0.07861342620796447, 0.07858836845126382, 0.08231332016266406, 0.08029421513112495, 0.08153408781819804, 0.08065798072631061, 0.0838642861275833, 0.08068193528109308, 0.08418025877346272, 0.08241388653204673, 0.08157852683353149, 0.08414738598315813, 0.08480450305364565, 0.08454098201045085, 0.08434271633015224, 0.0838254276948423, 0.08376925078622316, 0.08230360346804261, 0.08650338949962028, 0.08482519235825489, 0.08354352595986249, 0.08549908455949891, 0.08600238733314142, 0.08452305477210258, 0.08510604420635783, 0.08517369126816987, 0.08484704138912409, 0.08452178112935795, 0.08457895268266874, 0.0846667056170303, 0.08468334515191075, 0.0847033114179359, 0.08470045243549197], "train_acc": [0.6030251141552512, 0.7174340436326738, 0.6965308648750057, 0.7091938562044814, 0.7177089111929554, 0.7261859545968983, 0.7291159566316068, 0.7386385346051705, 0.759591843893176, 0.7918342387900021, 0.8038856778756911, 0.8105633052879635, 0.8173063966842063, 0.823093601890411, 0.8269913123985767, 0.8280406609396835, 0.8273379740710188, 0.8296835405278605, 0.8337541488691491, 0.8358877591527942, 0.8333793395609496, 0.8408708235202617, 0.8404253724563672, 0.8394805158170452, 0.8433667829894342, 0.8437211141254864, 0.8429505395623164, 0.8466509425174398, 0.8452352820042727, 0.8435931439511005, 0.8485715717062134, 0.8502116907616668, 0.8495565188650792, 0.8500995741829178, 0.8506803611763113, 0.8515239192833458, 0.848970200947733, 0.8460153048562253, 0.8493599300152272, 0.854245346128366, 0.8554152945223827, 0.8528281802274683, 0.8538840867613005, 0.8552855966902819, 0.8529563695872755, 0.8526672201976747, 0.8511073363728477, 0.8562669210298481, 0.8560485195714408, 0.8588561410531363, 0.861461218663849, 0.857410371696689, 0.8615978291529438, 0.8625793808127102, 0.8582487259039354, 0.8567138559197727, 0.8581291932191176, 0.8579034669516595, 0.8575453228420682, 0.8579576917253491, 0.857386935882191, 0.8549254077573164, 0.8575149444019292, 0.8579114263339553, 0.8558053964893567, 0.8640662411153165, 0.8627805134658582, 0.856908930763262, 0.8585206052484033, 0.859946269846277, 0.8604669821316793, 0.8634924666340855, 0.8617650623372338, 0.8611392568719382, 0.8654374002745041, 0.8624608239687257, 0.8584837205878132, 0.8606148553584083, 0.8613360222979042, 0.8584050523454558], "val_acc": [0.6128016789087093, 0.7219307450157397, 0.7722980062959076, 0.7859391395592865, 0.7922350472193075, 0.7754459601259182, 0.7995802728226653, 0.776495278069255, 0.8289611752360966, 0.8541448058761805, 0.8541448058761805, 0.8677859391395593, 0.8562434417628542, 0.8751311647429171, 0.8667366211962224, 0.8656873032528857, 0.8541448058761805, 0.8782791185729276, 0.8730325288562435, 0.8772298006295908, 0.8677859391395593, 0.8761804826862539, 0.8709338929695698, 0.8845750262329486, 0.8866736621196223, 0.8772298006295908, 0.8740818467995802, 0.8866736621196223, 0.8835257082896117, 0.8824763903462749, 0.8803777544596013, 0.8856243441762854, 0.8761804826862539, 0.8929695697796433, 0.8803777544596013, 0.8772298006295908, 0.8919202518363064, 0.8835257082896117, 0.8929695697796433, 0.8803777544596013, 0.8898216159496327, 0.8866736621196223, 0.8898216159496327, 0.8887722980062959, 0.8803777544596013, 0.8866736621196223, 0.8866736621196223, 0.8887722980062959, 0.8824763903462749, 0.8866736621196223, 0.8845750262329486, 0.8866736621196223, 0.8866736621196223, 0.8824763903462749, 0.8856243441762854, 0.8845750262329486, 0.881427072402938, 0.8929695697796433, 0.881427072402938, 0.8845750262329486, 0.8803777544596013, 0.8845750262329486, 0.8824763903462749, 0.8803777544596013, 0.8856243441762854, 0.8856243441762854, 0.881427072402938, 0.881427072402938, 0.8835257082896117, 0.8835257082896117, 0.8824763903462749, 0.8824763903462749, 0.881427072402938, 0.881427072402938, 0.881427072402938, 0.881427072402938, 0.8824763903462749, 0.8824763903462749, 0.8824763903462749, 0.8824763903462749]}